,month,Month,Dept,Weekly_Sales
0,1,Jan,Dept 1,0.0
1,1,Jan,Dept 2,5.3
2,1,Jan,Dept 3,0.0
3,1,Jan,Dept 4,1.0
4,1,Jan,Dept 5,0.1
5,1,Jan,Dept 6,0.0
6,1,Jan,Dept 7,0.0
7,1,Jan,Dept 8,1.7
8,1,Jan,Dept 9,0.4
9,1,Jan,Dept 10,0.0
10,1,Jan,Dept 11,0.0
11,1,Jan,Dept 12,0.0
12,1,Jan,Dept 13,2.1
13,1,Jan,Dept 14,0.0
14,1,Jan,Dept 16,0.0
15,1,Jan,Dept 17,0.0
16,1,Jan,Dept 18,0.0
17,1,Jan,Dept 19,0.0
18,1,Jan,Dept 20,0.0
19,1,Jan,Dept 21,0.0
20,1,Jan,Dept 22,0.0
21,1,Jan,Dept 23,0.2
22,1,Jan,Dept 24,0.0
23,1,Jan,Dept 25,0.0
24,1,Jan,Dept 26,0.0
25,1,Jan,Dept 27,0.0
26,1,Jan,Dept 28,0.0
27,1,Jan,Dept 29,0.0
28,1,Jan,Dept 30,0.0
29,1,Jan,Dept 31,0.0
30,1,Jan,Dept 32,0.0
31,1,Jan,Dept 33,0.0
32,1,Jan,Dept 34,0.0
33,1,Jan,Dept 35,0.0
34,1,Jan,Dept 36,0.0
35,1,Jan,Dept 37,0.0
36,1,Jan,Dept 38,11.5
37,1,Jan,Dept 40,7.5
38,1,Jan,Dept 41,0.0
39,1,Jan,Dept 42,0.0
40,1,Jan,Dept 44,0.0
41,1,Jan,Dept 45,0.0
42,1,Jan,Dept 46,0.0
43,1,Jan,Dept 47,0.0
44,1,Jan,Dept 48,0.0
45,1,Jan,Dept 49,0.0
46,1,Jan,Dept 50,0.0
47,1,Jan,Dept 51,0.0
48,1,Jan,Dept 52,0.0
49,1,Jan,Dept 54,0.0
50,1,Jan,Dept 55,0.0
51,1,Jan,Dept 56,0.0
52,1,Jan,Dept 58,0.0
53,1,Jan,Dept 59,0.0
54,1,Jan,Dept 60,0.0
55,1,Jan,Dept 65,0.0
56,1,Jan,Dept 67,0.0
57,1,Jan,Dept 71,0.0
58,1,Jan,Dept 72,6.3
59,1,Jan,Dept 74,0.1
60,1,Jan,Dept 77,0.0
61,1,Jan,Dept 79,0.3
62,1,Jan,Dept 80,0.0
63,1,Jan,Dept 81,0.0
64,1,Jan,Dept 82,0.0
65,1,Jan,Dept 83,0.0
66,1,Jan,Dept 85,0.0
67,1,Jan,Dept 87,0.0
68,1,Jan,Dept 90,7.5
69,1,Jan,Dept 91,5.4
70,1,Jan,Dept 92,12.6
71,1,Jan,Dept 93,2.6
72,1,Jan,Dept 94,3.6
73,1,Jan,Dept 95,10.0
74,1,Jan,Dept 96,0.0
75,1,Jan,Dept 97,0.0
76,1,Jan,Dept 98,0.0
77,2,Feb,Dept 1,0.9
78,2,Feb,Dept 2,6.2
79,2,Feb,Dept 3,0.0
80,2,Feb,Dept 4,1.3
81,2,Feb,Dept 5,1.5
82,2,Feb,Dept 6,0.0
83,2,Feb,Dept 7,0.1
84,2,Feb,Dept 8,2.0
85,2,Feb,Dept 9,0.4
86,2,Feb,Dept 10,0.0
87,2,Feb,Dept 11,0.0
88,2,Feb,Dept 12,0.0
89,2,Feb,Dept 13,2.5
90,2,Feb,Dept 14,0.0
91,2,Feb,Dept 16,0.0
92,2,Feb,Dept 17,0.0
93,2,Feb,Dept 18,0.0
94,2,Feb,Dept 19,0.0
95,2,Feb,Dept 20,0.0
96,2,Feb,Dept 21,0.0
97,2,Feb,Dept 22,0.0
98,2,Feb,Dept 23,0.4
99,2,Feb,Dept 24,0.0
100,2,Feb,Dept 25,0.0
101,2,Feb,Dept 26,0.0
102,2,Feb,Dept 27,0.0
103,2,Feb,Dept 28,0.0
104,2,Feb,Dept 29,0.0
105,2,Feb,Dept 30,0.0
106,2,Feb,Dept 31,0.0
107,2,Feb,Dept 32,0.0
108,2,Feb,Dept 33,0.0
109,2,Feb,Dept 34,0.0
110,2,Feb,Dept 35,0.0
111,2,Feb,Dept 36,0.0
112,2,Feb,Dept 37,0.0
113,2,Feb,Dept 38,11.7
114,2,Feb,Dept 40,8.1
115,2,Feb,Dept 41,0.0
116,2,Feb,Dept 42,0.0
117,2,Feb,Dept 44,0.0
118,2,Feb,Dept 45,0.0
119,2,Feb,Dept 46,0.4
120,2,Feb,Dept 47,0.0
121,2,Feb,Dept 48,0.0
122,2,Feb,Dept 49,0.0
123,2,Feb,Dept 50,0.0
124,2,Feb,Dept 51,0.0
125,2,Feb,Dept 52,0.0
126,2,Feb,Dept 54,0.0
127,2,Feb,Dept 55,0.0
128,2,Feb,Dept 56,0.0
129,2,Feb,Dept 58,0.0
130,2,Feb,Dept 59,0.0
131,2,Feb,Dept 60,0.0
132,2,Feb,Dept 65,0.1
133,2,Feb,Dept 67,0.0
134,2,Feb,Dept 71,0.0
135,2,Feb,Dept 72,12.4
136,2,Feb,Dept 74,0.1
137,2,Feb,Dept 79,0.9
138,2,Feb,Dept 80,0.0
139,2,Feb,Dept 81,0.0
140,2,Feb,Dept 82,0.0
141,2,Feb,Dept 83,0.0
142,2,Feb,Dept 85,0.0
143,2,Feb,Dept 87,0.6
144,2,Feb,Dept 90,7.6
145,2,Feb,Dept 91,5.7
146,2,Feb,Dept 92,13.1
147,2,Feb,Dept 93,2.7
148,2,Feb,Dept 94,4.5
149,2,Feb,Dept 95,11.3
150,2,Feb,Dept 96,0.0
151,2,Feb,Dept 97,0.0
152,2,Feb,Dept 98,0.0
153,3,Mar,Dept 1,0.0
154,3,Mar,Dept 2,6.3
155,3,Mar,Dept 3,0.0
156,3,Mar,Dept 4,0.8
157,3,Mar,Dept 5,0.6
158,3,Mar,Dept 6,0.0
159,3,Mar,Dept 7,0.1
160,3,Mar,Dept 8,2.1
161,3,Mar,Dept 9,0.5
162,3,Mar,Dept 10,0.2
163,3,Mar,Dept 11,0.0
164,3,Mar,Dept 12,0.0
165,3,Mar,Dept 13,2.6
166,3,Mar,Dept 14,0.0
167,3,Mar,Dept 16,0.3
168,3,Mar,Dept 17,0.0
169,3,Mar,Dept 18,0.0
170,3,Mar,Dept 19,0.0
171,3,Mar,Dept 20,0.0
172,3,Mar,Dept 21,0.0
173,3,Mar,Dept 22,0.0
174,3,Mar,Dept 23,0.4
175,3,Mar,Dept 24,0.0
176,3,Mar,Dept 25,0.0
177,3,Mar,Dept 26,0.0
178,3,Mar,Dept 27,0.0
179,3,Mar,Dept 28,0.0
180,3,Mar,Dept 29,0.0
181,3,Mar,Dept 30,0.0
182,3,Mar,Dept 31,0.0
183,3,Mar,Dept 32,0.0
184,3,Mar,Dept 33,0.0
185,3,Mar,Dept 34,0.0
186,3,Mar,Dept 35,0.0
187,3,Mar,Dept 36,0.0
188,3,Mar,Dept 37,0.0
189,3,Mar,Dept 38,11.2
190,3,Mar,Dept 40,8.1
191,3,Mar,Dept 41,0.0
192,3,Mar,Dept 42,0.0
193,3,Mar,Dept 43,0.0
194,3,Mar,Dept 44,0.0
195,3,Mar,Dept 45,0.0
196,3,Mar,Dept 46,0.4
197,3,Mar,Dept 47,0.0
198,3,Mar,Dept 48,0.0
199,3,Mar,Dept 49,0.0
200,3,Mar,Dept 50,0.0
201,3,Mar,Dept 51,0.0
202,3,Mar,Dept 52,0.0
203,3,Mar,Dept 54,0.0
204,3,Mar,Dept 55,0.0
205,3,Mar,Dept 56,0.0
206,3,Mar,Dept 58,0.0
207,3,Mar,Dept 59,0.0
208,3,Mar,Dept 60,0.0
209,3,Mar,Dept 65,0.0
210,3,Mar,Dept 67,0.0
211,3,Mar,Dept 71,0.0
212,3,Mar,Dept 72,8.0
213,3,Mar,Dept 74,0.0
214,3,Mar,Dept 78,0.0
215,3,Mar,Dept 79,0.7
216,3,Mar,Dept 80,0.0
217,3,Mar,Dept 81,0.0
218,3,Mar,Dept 82,0.0
219,3,Mar,Dept 83,0.0
220,3,Mar,Dept 85,0.0
221,3,Mar,Dept 87,0.3
222,3,Mar,Dept 90,7.5
223,3,Mar,Dept 91,5.5
224,3,Mar,Dept 92,12.7
225,3,Mar,Dept 93,2.5
226,3,Mar,Dept 94,4.6
227,3,Mar,Dept 95,10.7
228,3,Mar,Dept 96,0.1
229,3,Mar,Dept 97,0.0
230,3,Mar,Dept 98,0.0
231,3,Mar,Dept 99,0.0
232,4,Apr,Dept 1,3.5
233,4,Apr,Dept 2,8.0
234,4,Apr,Dept 3,0.0
235,4,Apr,Dept 4,1.1
236,4,Apr,Dept 5,1.0
237,4,Apr,Dept 6,0.0
238,4,Apr,Dept 7,1.3
239,4,Apr,Dept 8,2.4
240,4,Apr,Dept 9,0.9
241,4,Apr,Dept 10,0.1
242,4,Apr,Dept 11,0.0
243,4,Apr,Dept 12,0.0
244,4,Apr,Dept 13,2.7
245,4,Apr,Dept 14,0.0
246,4,Apr,Dept 16,0.3
247,4,Apr,Dept 17,0.0
248,4,Apr,Dept 18,0.0
249,4,Apr,Dept 19,0.0
250,4,Apr,Dept 20,0.0
251,4,Apr,Dept 21,0.0
252,4,Apr,Dept 22,0.0
253,4,Apr,Dept 23,0.5
254,4,Apr,Dept 24,0.0
255,4,Apr,Dept 25,0.0
256,4,Apr,Dept 26,0.0
257,4,Apr,Dept 27,0.0
258,4,Apr,Dept 28,0.0
259,4,Apr,Dept 29,0.0
260,4,Apr,Dept 30,0.0
261,4,Apr,Dept 31,0.0
262,4,Apr,Dept 32,0.0
263,4,Apr,Dept 33,0.0
264,4,Apr,Dept 34,0.1
265,4,Apr,Dept 35,0.0
266,4,Apr,Dept 36,0.0
267,4,Apr,Dept 37,0.0
268,4,Apr,Dept 38,14.4
269,4,Apr,Dept 40,9.3
270,4,Apr,Dept 41,0.0
271,4,Apr,Dept 42,0.0
272,4,Apr,Dept 44,0.0
273,4,Apr,Dept 45,0.0
274,4,Apr,Dept 46,0.5
275,4,Apr,Dept 47,0.0
276,4,Apr,Dept 48,0.0
277,4,Apr,Dept 49,0.0
278,4,Apr,Dept 50,0.0
279,4,Apr,Dept 51,0.0
280,4,Apr,Dept 52,0.0
281,4,Apr,Dept 54,0.0
282,4,Apr,Dept 55,0.0
283,4,Apr,Dept 56,0.0
284,4,Apr,Dept 58,0.0
285,4,Apr,Dept 59,0.0
286,4,Apr,Dept 60,0.0
287,4,Apr,Dept 65,0.2
288,4,Apr,Dept 67,0.0
289,4,Apr,Dept 71,0.0
290,4,Apr,Dept 72,7.8
291,4,Apr,Dept 74,0.0
292,4,Apr,Dept 77,0.0
293,4,Apr,Dept 79,0.8
294,4,Apr,Dept 80,0.0
295,4,Apr,Dept 81,0.0
296,4,Apr,Dept 82,0.0
297,4,Apr,Dept 83,0.0
298,4,Apr,Dept 85,0.0
299,4,Apr,Dept 87,0.1
300,4,Apr,Dept 90,9.3
301,4,Apr,Dept 91,6.4
302,4,Apr,Dept 92,14.7
303,4,Apr,Dept 93,3.3
304,4,Apr,Dept 94,6.1
305,4,Apr,Dept 95,13.5
306,4,Apr,Dept 96,0.0
307,4,Apr,Dept 97,0.0
308,4,Apr,Dept 98,0.0
309,4,Apr,Dept 99,0.0
310,5,May,Dept 1,0.0
311,5,May,Dept 2,6.2
312,5,May,Dept 3,0.0
313,5,May,Dept 4,1.1
314,5,May,Dept 5,0.0
315,5,May,Dept 6,0.0
316,5,May,Dept 7,0.7
317,5,May,Dept 8,2.1
318,5,May,Dept 9,0.7
319,5,May,Dept 10,0.1
320,5,May,Dept 11,0.0
321,5,May,Dept 12,0.0
322,5,May,Dept 13,2.3
323,5,May,Dept 14,0.0
324,5,May,Dept 16,2.5
325,5,May,Dept 17,0.0
326,5,May,Dept 18,0.0
327,5,May,Dept 19,0.0
328,5,May,Dept 20,0.0
329,5,May,Dept 21,0.0
330,5,May,Dept 22,0.0
331,5,May,Dept 23,0.4
332,5,May,Dept 24,0.0
333,5,May,Dept 25,0.0
334,5,May,Dept 26,0.0
335,5,May,Dept 27,0.0
336,5,May,Dept 28,0.0
337,5,May,Dept 29,0.0
338,5,May,Dept 30,0.0
339,5,May,Dept 31,0.0
340,5,May,Dept 32,0.0
341,5,May,Dept 33,0.0
342,5,May,Dept 34,0.0
343,5,May,Dept 35,0.0
344,5,May,Dept 36,0.0
345,5,May,Dept 37,0.0
346,5,May,Dept 38,11.2
347,5,May,Dept 40,7.0
348,5,May,Dept 41,0.0
349,5,May,Dept 42,0.0
350,5,May,Dept 44,0.0
351,5,May,Dept 45,0.0
352,5,May,Dept 46,0.4
353,5,May,Dept 47,0.0
354,5,May,Dept 48,0.0
355,5,May,Dept 49,0.0
356,5,May,Dept 50,0.0
357,5,May,Dept 51,0.0
358,5,May,Dept 52,0.0
359,5,May,Dept 54,0.0
360,5,May,Dept 55,0.0
361,5,May,Dept 56,0.1
362,5,May,Dept 58,0.0
363,5,May,Dept 59,0.0
364,5,May,Dept 60,0.0
365,5,May,Dept 65,0.3
366,5,May,Dept 67,0.0
367,5,May,Dept 71,0.0
368,5,May,Dept 72,5.2
369,5,May,Dept 74,0.0
370,5,May,Dept 78,0.0
371,5,May,Dept 79,0.4
372,5,May,Dept 80,0.0
373,5,May,Dept 81,0.0
374,5,May,Dept 82,0.0
375,5,May,Dept 83,0.0
376,5,May,Dept 85,0.0
377,5,May,Dept 87,0.1
378,5,May,Dept 90,7.2
379,5,May,Dept 91,4.9
380,5,May,Dept 92,11.0
381,5,May,Dept 93,3.0
382,5,May,Dept 94,5.2
383,5,May,Dept 95,12.3
384,5,May,Dept 96,0.0
385,5,May,Dept 97,0.0
386,5,May,Dept 98,0.0
387,5,May,Dept 99,0.0
388,6,Jun,Dept 1,0.0
389,6,Jun,Dept 2,6.9
390,6,Jun,Dept 3,0.0
391,6,Jun,Dept 4,1.2
392,6,Jun,Dept 5,0.0
393,6,Jun,Dept 6,0.0
394,6,Jun,Dept 7,1.9
395,6,Jun,Dept 8,2.5
396,6,Jun,Dept 9,1.9
397,6,Jun,Dept 10,0.5
398,6,Jun,Dept 11,1.0
399,6,Jun,Dept 12,0.0
400,6,Jun,Dept 13,2.3
401,6,Jun,Dept 14,0.0
402,6,Jun,Dept 16,3.3
403,6,Jun,Dept 17,0.0
404,6,Jun,Dept 18,0.0
405,6,Jun,Dept 19,0.0
406,6,Jun,Dept 20,0.0
407,6,Jun,Dept 21,0.0
408,6,Jun,Dept 22,0.0
409,6,Jun,Dept 23,1.1
410,6,Jun,Dept 24,0.0
411,6,Jun,Dept 25,0.0
412,6,Jun,Dept 26,0.0
413,6,Jun,Dept 27,0.0
414,6,Jun,Dept 28,0.0
415,6,Jun,Dept 29,0.0
416,6,Jun,Dept 30,0.0
417,6,Jun,Dept 31,0.0
418,6,Jun,Dept 32,0.0
419,6,Jun,Dept 33,0.0
420,6,Jun,Dept 34,0.0
421,6,Jun,Dept 35,0.0
422,6,Jun,Dept 36,0.0
423,6,Jun,Dept 37,0.0
424,6,Jun,Dept 38,10.6
425,6,Jun,Dept 40,6.9
426,6,Jun,Dept 41,0.0
427,6,Jun,Dept 42,0.0
428,6,Jun,Dept 44,0.0
429,6,Jun,Dept 45,0.0
430,6,Jun,Dept 46,0.5
431,6,Jun,Dept 47,0.0
432,6,Jun,Dept 48,0.0
433,6,Jun,Dept 49,0.0
434,6,Jun,Dept 50,0.0
435,6,Jun,Dept 51,0.0
436,6,Jun,Dept 52,0.0
437,6,Jun,Dept 54,0.0
438,6,Jun,Dept 55,0.0
439,6,Jun,Dept 56,0.1
440,6,Jun,Dept 58,0.0
441,6,Jun,Dept 59,0.0
442,6,Jun,Dept 60,0.0
443,6,Jun,Dept 65,0.0
444,6,Jun,Dept 67,0.0
445,6,Jun,Dept 71,0.0
446,6,Jun,Dept 72,5.5
447,6,Jun,Dept 74,0.0
448,6,Jun,Dept 78,0.0
449,6,Jun,Dept 79,0.5
450,6,Jun,Dept 80,0.0
451,6,Jun,Dept 81,0.0
452,6,Jun,Dept 82,0.0
453,6,Jun,Dept 83,0.0
454,6,Jun,Dept 85,0.0
455,6,Jun,Dept 87,0.2
456,6,Jun,Dept 90,7.7
457,6,Jun,Dept 91,4.8
458,6,Jun,Dept 92,10.9
459,6,Jun,Dept 93,3.2
460,6,Jun,Dept 94,5.0
461,6,Jun,Dept 95,13.6
462,6,Jun,Dept 96,0.0
463,6,Jun,Dept 97,0.0
464,6,Jun,Dept 98,0.0
465,6,Jun,Dept 99,0.0
466,7,Jul,Dept 1,0.0
467,7,Jul,Dept 2,9.1
468,7,Jul,Dept 3,0.3
469,7,Jul,Dept 4,1.6
470,7,Jul,Dept 5,0.0
471,7,Jul,Dept 6,0.0
472,7,Jul,Dept 7,1.3
473,7,Jul,Dept 8,2.9
474,7,Jul,Dept 9,3.2
475,7,Jul,Dept 10,0.6
476,7,Jul,Dept 11,0.2
477,7,Jul,Dept 12,0.0
478,7,Jul,Dept 13,3.0
479,7,Jul,Dept 14,0.0
480,7,Jul,Dept 16,1.2
481,7,Jul,Dept 17,0.0
482,7,Jul,Dept 18,0.0
483,7,Jul,Dept 19,0.0
484,7,Jul,Dept 20,0.0
485,7,Jul,Dept 21,0.0
486,7,Jul,Dept 22,0.0
487,7,Jul,Dept 23,0.5
488,7,Jul,Dept 24,0.0
489,7,Jul,Dept 25,0.0
490,7,Jul,Dept 26,0.0
491,7,Jul,Dept 27,0.0
492,7,Jul,Dept 28,0.0
493,7,Jul,Dept 29,0.0
494,7,Jul,Dept 30,0.0
495,7,Jul,Dept 31,0.0
496,7,Jul,Dept 32,0.0
497,7,Jul,Dept 33,0.0
498,7,Jul,Dept 34,0.0
499,7,Jul,Dept 35,0.0
500,7,Jul,Dept 36,0.0
501,7,Jul,Dept 37,0.0
502,7,Jul,Dept 38,13.4
503,7,Jul,Dept 40,8.0
504,7,Jul,Dept 41,0.0
505,7,Jul,Dept 42,0.0
506,7,Jul,Dept 43,0.0
507,7,Jul,Dept 44,0.0
508,7,Jul,Dept 45,0.0
509,7,Jul,Dept 46,0.5
510,7,Jul,Dept 47,0.0
511,7,Jul,Dept 48,0.0
512,7,Jul,Dept 49,0.0
513,7,Jul,Dept 50,0.0
514,7,Jul,Dept 51,0.0
515,7,Jul,Dept 52,0.0
516,7,Jul,Dept 54,0.0
517,7,Jul,Dept 55,0.0
518,7,Jul,Dept 56,0.0
519,7,Jul,Dept 58,0.0
520,7,Jul,Dept 59,0.0
521,7,Jul,Dept 60,0.0
522,7,Jul,Dept 65,0.0
523,7,Jul,Dept 67,0.0
524,7,Jul,Dept 71,0.0
525,7,Jul,Dept 72,6.3
526,7,Jul,Dept 74,0.0
527,7,Jul,Dept 78,0.0
528,7,Jul,Dept 79,0.6
529,7,Jul,Dept 80,0.0
530,7,Jul,Dept 81,0.0
531,7,Jul,Dept 82,0.0
532,7,Jul,Dept 83,0.0
533,7,Jul,Dept 85,0.0
534,7,Jul,Dept 87,0.2
535,7,Jul,Dept 90,9.5
536,7,Jul,Dept 91,5.8
537,7,Jul,Dept 92,13.8
538,7,Jul,Dept 93,4.0
539,7,Jul,Dept 94,6.3
540,7,Jul,Dept 95,16.3
541,7,Jul,Dept 96,0.0
542,7,Jul,Dept 97,0.0
543,7,Jul,Dept 98,0.0
544,7,Jul,Dept 99,0.0
545,8,Aug,Dept 1,0.0
546,8,Aug,Dept 2,8.0
547,8,Aug,Dept 3,4.0
548,8,Aug,Dept 4,1.8
549,8,Aug,Dept 5,0.0
550,8,Aug,Dept 6,0.0
551,8,Aug,Dept 7,0.1
552,8,Aug,Dept 8,2.2
553,8,Aug,Dept 9,1.4
554,8,Aug,Dept 10,0.6
555,8,Aug,Dept 11,0.0
556,8,Aug,Dept 12,0.0
557,8,Aug,Dept 13,2.8
558,8,Aug,Dept 14,0.0
559,8,Aug,Dept 16,0.0
560,8,Aug,Dept 17,0.0
561,8,Aug,Dept 18,0.0
562,8,Aug,Dept 19,0.0
563,8,Aug,Dept 20,0.0
564,8,Aug,Dept 21,0.0
565,8,Aug,Dept 22,0.0
566,8,Aug,Dept 23,0.8
567,8,Aug,Dept 24,0.0
568,8,Aug,Dept 25,0.0
569,8,Aug,Dept 26,0.0
570,8,Aug,Dept 27,0.0
571,8,Aug,Dept 28,0.0
572,8,Aug,Dept 29,0.0
573,8,Aug,Dept 30,0.0
574,8,Aug,Dept 31,0.0
575,8,Aug,Dept 32,0.0
576,8,Aug,Dept 33,0.0
577,8,Aug,Dept 34,0.2
578,8,Aug,Dept 35,0.0
579,8,Aug,Dept 36,0.0
580,8,Aug,Dept 37,0.0
581,8,Aug,Dept 38,11.9
582,8,Aug,Dept 40,7.0
583,8,Aug,Dept 41,0.0
584,8,Aug,Dept 42,0.0
585,8,Aug,Dept 44,0.0
586,8,Aug,Dept 45,0.0
587,8,Aug,Dept 46,0.3
588,8,Aug,Dept 47,0.0
589,8,Aug,Dept 48,0.0
590,8,Aug,Dept 49,0.0
591,8,Aug,Dept 50,0.0
592,8,Aug,Dept 51,0.0
593,8,Aug,Dept 52,0.0
594,8,Aug,Dept 54,0.0
595,8,Aug,Dept 55,0.0
596,8,Aug,Dept 56,0.0
597,8,Aug,Dept 58,0.0
598,8,Aug,Dept 59,0.0
599,8,Aug,Dept 60,0.0
600,8,Aug,Dept 65,0.0
601,8,Aug,Dept 67,0.0
602,8,Aug,Dept 71,0.0
603,8,Aug,Dept 72,6.5
604,8,Aug,Dept 74,0.2
605,8,Aug,Dept 78,0.0
606,8,Aug,Dept 79,0.5
607,8,Aug,Dept 80,0.0
608,8,Aug,Dept 81,0.1
609,8,Aug,Dept 82,0.0
610,8,Aug,Dept 83,0.0
611,8,Aug,Dept 85,0.0
612,8,Aug,Dept 87,0.2
613,8,Aug,Dept 90,7.9
614,8,Aug,Dept 91,5.0
615,8,Aug,Dept 92,12.3
616,8,Aug,Dept 93,3.1
617,8,Aug,Dept 94,5.2
618,8,Aug,Dept 95,12.5
619,8,Aug,Dept 96,0.0
620,8,Aug,Dept 97,0.0
621,8,Aug,Dept 98,0.0
622,8,Aug,Dept 99,0.0
623,9,Sep,Dept 1,0.0
624,9,Sep,Dept 2,8.3
625,9,Sep,Dept 3,1.0
626,9,Sep,Dept 4,1.2
627,9,Sep,Dept 5,0.1
628,9,Sep,Dept 6,0.0
629,9,Sep,Dept 7,0.0
630,9,Sep,Dept 8,2.5
631,9,Sep,Dept 9,1.7
632,9,Sep,Dept 10,0.4
633,9,Sep,Dept 11,0.0
634,9,Sep,Dept 12,0.0
635,9,Sep,Dept 13,3.3
636,9,Sep,Dept 14,0.0
637,9,Sep,Dept 16,0.0
638,9,Sep,Dept 17,0.0
639,9,Sep,Dept 18,0.0
640,9,Sep,Dept 19,0.0
641,9,Sep,Dept 20,0.0
642,9,Sep,Dept 21,0.0
643,9,Sep,Dept 22,0.0
644,9,Sep,Dept 23,0.2
645,9,Sep,Dept 24,0.0
646,9,Sep,Dept 25,0.0
647,9,Sep,Dept 26,0.0
648,9,Sep,Dept 27,0.0
649,9,Sep,Dept 28,0.0
650,9,Sep,Dept 29,0.0
651,9,Sep,Dept 30,0.0
652,9,Sep,Dept 31,0.0
653,9,Sep,Dept 32,0.0
654,9,Sep,Dept 33,0.0
655,9,Sep,Dept 34,0.0
656,9,Sep,Dept 35,0.0
657,9,Sep,Dept 36,0.0
658,9,Sep,Dept 37,0.0
659,9,Sep,Dept 38,14.1
660,9,Sep,Dept 40,9.1
661,9,Sep,Dept 41,0.0
662,9,Sep,Dept 42,0.0
663,9,Sep,Dept 44,0.0
664,9,Sep,Dept 45,0.0
665,9,Sep,Dept 46,0.0
666,9,Sep,Dept 47,0.0
667,9,Sep,Dept 48,0.0
668,9,Sep,Dept 49,0.0
669,9,Sep,Dept 50,0.0
670,9,Sep,Dept 51,0.0
671,9,Sep,Dept 52,0.0
672,9,Sep,Dept 54,0.0
673,9,Sep,Dept 55,0.0
674,9,Sep,Dept 56,0.0
675,9,Sep,Dept 58,0.0
676,9,Sep,Dept 59,0.0
677,9,Sep,Dept 60,0.0
678,9,Sep,Dept 65,0.0
679,9,Sep,Dept 67,0.0
680,9,Sep,Dept 71,0.0
681,9,Sep,Dept 72,7.3
682,9,Sep,Dept 74,0.1
683,9,Sep,Dept 77,0.0
684,9,Sep,Dept 78,0.0
685,9,Sep,Dept 79,0.9
686,9,Sep,Dept 80,0.0
687,9,Sep,Dept 81,0.0
688,9,Sep,Dept 82,0.0
689,9,Sep,Dept 83,0.0
690,9,Sep,Dept 85,0.0
691,9,Sep,Dept 87,0.4
692,9,Sep,Dept 90,9.9
693,9,Sep,Dept 91,5.9
694,9,Sep,Dept 92,15.4
695,9,Sep,Dept 93,3.5
696,9,Sep,Dept 94,4.9
697,9,Sep,Dept 95,14.9
698,9,Sep,Dept 96,0.0
699,9,Sep,Dept 97,0.0
700,9,Sep,Dept 98,0.0
701,9,Sep,Dept 99,0.0
702,10,Oct,Dept 1,1.0
703,10,Oct,Dept 2,6.2
704,10,Oct,Dept 3,0.0
705,10,Oct,Dept 4,1.1
706,10,Oct,Dept 5,1.1
707,10,Oct,Dept 6,0.0
708,10,Oct,Dept 7,0.7
709,10,Oct,Dept 8,2.3
710,10,Oct,Dept 9,0.5
711,10,Oct,Dept 10,0.2
712,10,Oct,Dept 11,0.0
713,10,Oct,Dept 12,0.0
714,10,Oct,Dept 13,2.6
715,10,Oct,Dept 14,0.0
716,10,Oct,Dept 16,0.0
717,10,Oct,Dept 17,0.0
718,10,Oct,Dept 18,0.1
719,10,Oct,Dept 19,0.0
720,10,Oct,Dept 20,0.0
721,10,Oct,Dept 21,0.0
722,10,Oct,Dept 22,0.0
723,10,Oct,Dept 23,0.9
724,10,Oct,Dept 24,0.0
725,10,Oct,Dept 25,0.0
726,10,Oct,Dept 26,0.0
727,10,Oct,Dept 27,0.0
728,10,Oct,Dept 28,0.0
729,10,Oct,Dept 29,0.0
730,10,Oct,Dept 30,0.0
731,10,Oct,Dept 31,0.0
732,10,Oct,Dept 32,0.0
733,10,Oct,Dept 33,0.0
734,10,Oct,Dept 34,0.0
735,10,Oct,Dept 35,0.0
736,10,Oct,Dept 36,0.0
737,10,Oct,Dept 37,0.0
738,10,Oct,Dept 38,11.5
739,10,Oct,Dept 40,7.2
740,10,Oct,Dept 41,0.0
741,10,Oct,Dept 42,0.0
742,10,Oct,Dept 44,0.0
743,10,Oct,Dept 45,0.0
744,10,Oct,Dept 46,0.0
745,10,Oct,Dept 47,0.0
746,10,Oct,Dept 48,0.0
747,10,Oct,Dept 49,0.0
748,10,Oct,Dept 50,0.0
749,10,Oct,Dept 51,0.0
750,10,Oct,Dept 52,0.0
751,10,Oct,Dept 54,0.0
752,10,Oct,Dept 55,0.0
753,10,Oct,Dept 56,0.0
754,10,Oct,Dept 58,0.0
755,10,Oct,Dept 59,0.0
756,10,Oct,Dept 60,0.0
757,10,Oct,Dept 65,0.0
758,10,Oct,Dept 67,0.0
759,10,Oct,Dept 71,0.0
760,10,Oct,Dept 72,7.2
761,10,Oct,Dept 74,0.0
762,10,Oct,Dept 78,0.0
763,10,Oct,Dept 79,0.4
764,10,Oct,Dept 80,0.0
765,10,Oct,Dept 81,0.0
766,10,Oct,Dept 82,0.0
767,10,Oct,Dept 83,0.0
768,10,Oct,Dept 85,0.0
769,10,Oct,Dept 87,0.2
770,10,Oct,Dept 90,7.9
771,10,Oct,Dept 91,5.2
772,10,Oct,Dept 92,14.1
773,10,Oct,Dept 93,2.9
774,10,Oct,Dept 94,3.6
775,10,Oct,Dept 95,12.0
776,10,Oct,Dept 96,0.0
777,10,Oct,Dept 97,0.0
778,10,Oct,Dept 98,0.0
779,10,Oct,Dept 99,0.0
780,11,Nov,Dept 1,1.1
781,11,Nov,Dept 2,6.7
782,11,Nov,Dept 3,0.0
783,11,Nov,Dept 4,1.7
784,11,Nov,Dept 5,4.7
785,11,Nov,Dept 6,0.0
786,11,Nov,Dept 7,5.6
787,11,Nov,Dept 8,2.2
788,11,Nov,Dept 9,1.0
789,11,Nov,Dept 10,0.1
790,11,Nov,Dept 11,0.0
791,11,Nov,Dept 12,0.0
792,11,Nov,Dept 13,2.4
793,11,Nov,Dept 14,1.2
794,11,Nov,Dept 16,0.0
795,11,Nov,Dept 17,0.0
796,11,Nov,Dept 18,0.8
797,11,Nov,Dept 19,0.0
798,11,Nov,Dept 20,0.0
799,11,Nov,Dept 21,0.0
800,11,Nov,Dept 22,0.0
801,11,Nov,Dept 23,1.6
802,11,Nov,Dept 24,0.0
803,11,Nov,Dept 25,0.0
804,11,Nov,Dept 26,0.0
805,11,Nov,Dept 27,0.0
806,11,Nov,Dept 28,0.0
807,11,Nov,Dept 29,0.0
808,11,Nov,Dept 30,0.0
809,11,Nov,Dept 31,0.0
810,11,Nov,Dept 32,0.0
811,11,Nov,Dept 33,0.0
812,11,Nov,Dept 34,0.2
813,11,Nov,Dept 35,0.0
814,11,Nov,Dept 36,0.0
815,11,Nov,Dept 37,0.0
816,11,Nov,Dept 38,11.7
817,11,Nov,Dept 40,6.8
818,11,Nov,Dept 41,0.0
819,11,Nov,Dept 42,0.0
820,11,Nov,Dept 44,0.0
821,11,Nov,Dept 45,0.0
822,11,Nov,Dept 46,0.3
823,11,Nov,Dept 47,0.0
824,11,Nov,Dept 48,0.0
825,11,Nov,Dept 49,0.0
826,11,Nov,Dept 50,0.0
827,11,Nov,Dept 51,0.0
828,11,Nov,Dept 52,0.0
829,11,Nov,Dept 54,0.0
830,11,Nov,Dept 55,1.0
831,11,Nov,Dept 56,0.0
832,11,Nov,Dept 58,0.0
833,11,Nov,Dept 59,0.0
834,11,Nov,Dept 60,0.0
835,11,Nov,Dept 65,0.0
836,11,Nov,Dept 67,0.0
837,11,Nov,Dept 71,0.0
838,11,Nov,Dept 72,16.7
839,11,Nov,Dept 74,0.1
840,11,Nov,Dept 77,0.0
841,11,Nov,Dept 78,0.0
842,11,Nov,Dept 79,0.7
843,11,Nov,Dept 80,0.0
844,11,Nov,Dept 81,0.0
845,11,Nov,Dept 82,0.0
846,11,Nov,Dept 83,0.0
847,11,Nov,Dept 85,0.0
848,11,Nov,Dept 87,0.2
849,11,Nov,Dept 90,8.4
850,11,Nov,Dept 91,4.8
851,11,Nov,Dept 92,15.7
852,11,Nov,Dept 93,3.8
853,11,Nov,Dept 94,3.9
854,11,Nov,Dept 95,10.3
855,11,Nov,Dept 96,0.1
856,11,Nov,Dept 97,0.0
857,11,Nov,Dept 98,0.0
858,11,Nov,Dept 99,0.0
859,12,Dec,Dept 1,4.0
860,12,Dec,Dept 2,9.7
861,12,Dec,Dept 3,0.0
862,12,Dec,Dept 4,2.1
863,12,Dec,Dept 5,7.0
864,12,Dec,Dept 6,0.0
865,12,Dec,Dept 7,14.4
866,12,Dec,Dept 8,3.8
867,12,Dec,Dept 9,1.2
868,12,Dec,Dept 10,0.5
869,12,Dec,Dept 11,0.2
870,12,Dec,Dept 12,0.0
871,12,Dec,Dept 13,2.2
872,12,Dec,Dept 14,2.5
873,12,Dec,Dept 16,0.0
874,12,Dec,Dept 17,0.1
875,12,Dec,Dept 18,6.1
876,12,Dec,Dept 19,0.0
877,12,Dec,Dept 20,0.0
878,12,Dec,Dept 21,0.0
879,12,Dec,Dept 22,0.0
880,12,Dec,Dept 23,5.3
881,12,Dec,Dept 24,0.0
882,12,Dec,Dept 25,0.0
883,12,Dec,Dept 26,0.0
884,12,Dec,Dept 27,0.0
885,12,Dec,Dept 28,0.0
886,12,Dec,Dept 29,0.0
887,12,Dec,Dept 30,0.0
888,12,Dec,Dept 31,0.0
889,12,Dec,Dept 32,0.4
890,12,Dec,Dept 33,0.0
891,12,Dec,Dept 34,0.3
892,12,Dec,Dept 35,0.0
893,12,Dec,Dept 36,0.0
894,12,Dec,Dept 37,0.0
895,12,Dec,Dept 38,15.0
896,12,Dec,Dept 39,0.0
897,12,Dec,Dept 40,8.9
898,12,Dec,Dept 41,0.0
899,12,Dec,Dept 42,0.0
900,12,Dec,Dept 43,0.0
901,12,Dec,Dept 44,0.0
902,12,Dec,Dept 45,0.0
903,12,Dec,Dept 46,2.3
904,12,Dec,Dept 47,0.0
905,12,Dec,Dept 48,0.0
906,12,Dec,Dept 49,0.0
907,12,Dec,Dept 50,0.0
908,12,Dec,Dept 51,0.0
909,12,Dec,Dept 52,0.0
910,12,Dec,Dept 54,0.0
911,12,Dec,Dept 55,1.6
912,12,Dec,Dept 56,0.0
913,12,Dec,Dept 58,0.0
914,12,Dec,Dept 59,0.0
915,12,Dec,Dept 60,0.0
916,12,Dec,Dept 65,0.0
917,12,Dec,Dept 67,0.0
918,12,Dec,Dept 71,0.0
919,12,Dec,Dept 72,16.4
920,12,Dec,Dept 74,0.0
921,12,Dec,Dept 77,0.0
922,12,Dec,Dept 78,0.0
923,12,Dec,Dept 79,0.8
924,12,Dec,Dept 80,0.0
925,12,Dec,Dept 81,0.0
926,12,Dec,Dept 82,3.7
927,12,Dec,Dept 83,0.0
928,12,Dec,Dept 85,0.0
929,12,Dec,Dept 87,0.7
930,12,Dec,Dept 90,10.1
931,12,Dec,Dept 91,5.6
932,12,Dec,Dept 92,18.5
933,12,Dec,Dept 93,3.7
934,12,Dec,Dept 94,4.2
935,12,Dec,Dept 95,13.8
936,12,Dec,Dept 96,0.2
937,12,Dec,Dept 97,0.0
938,12,Dec,Dept 98,0.0
939,12,Dec,Dept 99,0.0
